URL,AllMessagesFlag,Status
https://t.me/farahvpn,true,active
https://t.me/PrivateVPNs,true,active
https://t.me/mtproxy22_v2ray,true,active
https://t.me/ELFV2RAY,true,active
https://t.me/Spartan_YT,true,active
https://t.me/s/v2rayngvpn_1,true,active
https://t.me/V2RAYROZ,true,active
https://t.me/expressvpn_420,true,active
https://t.me/V2Ray_Hub1200,true,active
https://t.me/s/v2rayland02,true,active
https://t.me/s/vipvpnsia,true,active
https://t.me/TirexNet,true,active
https://t.me/iran_timz,true,active
https://t.me/EXPRESSVPN_420,true,active
https://t.me/vpn_kanfik,true,active
https://t.me/Namedzadim,true,active
https://t.me/NETMelliAnti,true,active
https://t.me/ReleaseNet,true,active
https://t.me/s/vmesskhodam,true,active
https://t.me/FreeVlessVpn,true,active
https://t.me/FREE2CONFIG,true,active
https://t.me/CONFIIG_HUB,true,active
https://t.me/V2dogs_N,true,active
https://t.me/SylphNet,true,active
https://t.me/hamedvpns,true,active
https://t.me/napsternetv20,true,active
https://t.me/tirexnet,true,active
https://t.me/config_free2,true,active
https://t.me/erfwp,true,active
https://t.me/s/napsternetvirani,true,active
https://t.me/s/Network_442,true,active
https://t.me/FarahVPN,true,active
https://t.me/s/v2nodes,true,active
https://t.me/v2raybaaz,true,active
https://t.me/s/fast_2ray,true,active
https://t.me/iran_v2ray1,true,active
https://t.me/VmessProtocol,true,active
https://t.me/s/Outline_Vpn,true,active
https://t.me/s/mahanvpn,true,active
https://t.me/MrNexTV2RAY,true,active
https://t.me/SafeNetIR,true,active
https://t.me/VIProxys,true,active
https://t.me/oneclickvpnkeys,true,active
https://t.me/Farah_VPN,true,active
https://t.me/Alpha_V2rayip,true,active
https://t.me/v2rayNG_Matsuri,true,active
https://t.me/V2ray_alpha,true,active
https://t.me/daily_configs,true,active
https://t.me/v2gaf,true,active
https://t.me/Qara_atayi,true,active
https://t.me/V2RAYNG_IP,true,active
https://t.me/Proxy_Vpney,true,active
https://t.me/s/mtmvpn,true,active
https://t.me/Iran_V2ray1,true,active
https://t.me/VoidStarNET,true,active
https://t.me/ConfigV2rayForFree,true,active
https://t.me/Iranvasll,true,active
https://t.me/s/shh_proxy,true,active
https://t.me/s/vistav2ray,true,active
https://t.me/spotfyhits,true,active
https://t.me/s/soskeynet,true,active
https://t.me/best_internet_iran,true,active
https://t.me/Lumosconfig,true,active
https://t.me/s/meliproxyy,true,active
https://t.me/chillguy_vpn,true,active
https://t.me/s/nufilter,true,active
https://t.me/s/v2_team,true,active
https://t.me/TAK_VPN12,true,active
https://t.me/NuFiLteR,true,active
https://t.me/Kia_Net,true,active
https://t.me/configV2rayForFree,true,active
https://t.me/Proxy_Se7en,true,active
https://t.me/vasl_b,true,active
https://t.me/armindone,true,active
https://t.me/s/proxy_mtm,true,active
https://t.me/s/VmessProtocol,true,active
https://t.me/DeltaVPN89,true,active
https://t.me/irconfiig,true,active
https://t.me/appsooner,true,active
https://t.me/v2rayNGcloud,true,active
https://t.me/MrWebVpn,true,active
https://t.me/netishield,true,active
https://t.me/s/free_v2ray_confing,true,active
https://t.me/s/taziyanteam,true,active
https://t.me/VpnCostumer,true,active
https://t.me/v2ryng_proxy,true,active
https://t.me/vpnfreev2rayconfig,true,active
https://t.me/s/prrofile_purple,true,active
https://t.me/srcvpn,true,active
https://t.me/vmesskhodam,true,active
https://t.me/FASTKANFIG,true,active
https://t.me/v2reya88,true,active
https://t.me/MikasaVpn2,true,active
https://t.me/meliproxyy,true,active
https://t.me/s/v2aryng_vpn,true,active
https://t.me/s/mtproxy22_v2ray,true,active
https://t.me/s/SafeNetIR,true,active
https://t.me/V2RAYNGRAISI,true,active
https://t.me/iP_CF,true,active
https://t.me/Zed_NetMeli,true,active
https://t.me/s/free1ss,true,active
https://t.me/v2rfa,true,active
https://t.me/v2rayconfigamir,true,active
https://t.me/v2rayNplus,true,active
https://t.me/s/guard_revil,true,active
https://t.me/SafeNet_Server,true,active
https://t.me/Ap_Ir6,true,active
https://t.me/s/proxyfull,true,active
https://t.me/Outline_Vpn,true,active
https://t.me/mehrosaboran,true,active
https://t.me/IRAN_timz,true,active
https://t.me/ConfingV2RaayNG,true,active
https://t.me/s/V2RAYROZ,true,active
https://t.me/s/dns68,true,active
https://t.me/Alfred_Config,true,active
https://t.me/s/free_nettm,true,active
https://t.me/matinword,true,active
https://t.me/V2RAYBAZI,true,active
https://t.me/ATLAS_V2VPN,true,active
https://t.me/configwireguard,true,active
https://t.me/IP_CF,true,active
https://t.me/dailyv2rayCF,true,active
https://t.me/V2Dogs_n,true,active
https://t.me/vaslbemonim7,true,active
https://t.me/vpn_ioss,true,active
https://t.me/SafeV2ray,true,active
https://t.me/wallweb,true,active
https://t.me/s/fastkanfig,true,active
https://t.me/v2raynplus,true,active
https://t.me/v2ray_alpha,true,active
https://t.me/singbox1,true,active
https://t.me/DeamNet,true,active
https://t.me/s/v2rayNG_Matsuri,true,active
https://t.me/Net2ray,true,active
https://t.me/vpncostumer,true,active
https://t.me/s/VlessConfig,true,active
https://t.me/s/eliv2ray,true,active
https://t.me/ghostvpn141,true,active
https://t.me/s/vpnfail_v2ray,true,active
https://t.me/npvv2rayfilter,true,active
https://t.me/proxyshareCN,true,active
https://t.me/tentacionvpn,true,active
https://t.me/Shh_Proxy,true,active
https://t.me/s/outline_ir,true,active
https://t.me/V2rayAccess,true,active
https://t.me/V2RFA,true,active
https://t.me/skivpn,true,active
https://t.me/FREE_VPN02,true,active
https://t.me/NewsDARYA,true,active
https://t.me/s/v2rayyngvpn,true,active
https://t.me/V2dogs_n,true,active
https://t.me/Surfboardv2ray,true,active
https://t.me/s/v2rayvpnchannel,true,active
https://t.me/V2rayBaaz,true,active
https://t.me/s/configV2rayForFree,true,active
https://t.me/s/v2rayng_1378,true,active
https://t.me/naderkochike,true,active
https://t.me/W570W,true,active
https://t.me/s/v2ray_sos,true,active
https://t.me/MoftConfig,true,active
https://t.me/NamazVPN,true,active
https://t.me/FreeLand8,true,active
https://t.me/leecher56,true,active
https://t.me/ELiV2RAY,true,active
https://t.me/routel1,true,active
https://t.me/s/chanel_v2ray_2,true,active
https://t.me/free1ss,true,active
https://t.me/MetiVIP,true,active
https://t.me/ehsawn8,true,active
https://t.me/s/ViProxys,true,active
https://t.me/v2ngfast,true,active
https://t.me/V2VODKA_A,true,active
https://t.me/MoOon_proxy,true,active
https://t.me/s/v2ray1_ng,true,active
https://t.me/MAconnectt,true,active
https://t.me/Routel1,true,active
https://t.me/v2range,true,active
https://t.me/VPNKHZ,true,active
https://t.me/s/flyv2ray,true,active
https://t.me/noviin_tel,true,active
https://t.me/sil3nt_network,true,active
https://t.me/hollowcon,true,active
https://t.me/vpnv2rayNGv,true,active
https://t.me/s/shadowsockskeys,true,active
https://t.me/s/PrivateVPNs,true,active
https://t.me/v2ray_shop_2,true,active
https://t.me/free_outline_keys,true,active
https://t.me/s/mehrosaboran,true,active
https://t.me/s/noviin_tel,true,active
https://t.me/vpnsshocean,true,active
https://t.me/kakajan,true,active
https://t.me/proxy_mtm,true,active
https://t.me/s/vpnsshocean,true,active
https://t.me/FREE_VPn02,true,active
https://t.me/V2All,true,active
https://t.me/InvoProxy,true,active
https://t.me/ConfigWireguard,true,active
https://t.me/s/v2ray_free_conf,true,active
https://t.me/s/soalvajavaab,true,active
https://t.me/NetliVPN,true,active
https://t.me/s/isvvpn,true,active
https://t.me/freakconfig,true,active
https://t.me/anotherme_night,true,active
https://t.me/prrofile_purple,true,active
https://t.me/deamnet,true,active
https://t.me/VPN_ROOM,true,active
https://t.me/s/netfreedom0,true,active
https://t.me/vpn_room,true,active
https://t.me/AarazV2ray,true,active
https://t.me/Kakoolnews,true,active
https://t.me/V2rayclover,true,active
https://t.me/s/freedatazone1,true,active
https://t.me/G0Dv2ray,true,active
https://t.me/s/v2range,true,active
https://t.me/Parsashonam,true,active
https://t.me/V2rayNGcloud,true,active
https://t.me/s/free1_vpn,true,active
https://t.me/Bluefilter_org,true,active
https://t.me/s/v2rayprotocol,true,active
https://t.me/V2GAF,true,active
https://t.me/GozargahAzad,true,active
https://t.me/peekconfig,true,active
https://t.me/rayhub_ir,true,active
https://t.me/VPN_VIP_NOR,true,active
https://t.me/confiig_hub,true,active
https://t.me/s/iran_v2ray1,true,active
https://t.me/ICV2RAY,true,active
https://t.me/SONIC_2524,true,active
https://t.me/filtershekan_channel,true,active
https://t.me/serverii,true,active
https://t.me/nofiltering2,true,active
https://t.me/s/srcvpn,true,active
https://t.me/s/ConfigV2rayNG,true,active
https://t.me/SubGift,true,active
https://t.me/ConfigFori,true,active
https://t.me/configshub2,true,active
https://t.me/VolexProxy,true,active
https://t.me/DirectVPN,true,active
https://t.me/s/Parsashonam,true,active
https://t.me/v2ray_vpn_ir,true,active
https://t.me/Beraghsa,true,active
https://t.me/SimChin_iR,true,active
https://t.me/s/irv2rey,true,active
https://t.me/privatevpns,true,active
https://t.me/Net_Nab,true,active
https://t.me/internet_azad_2026,true,active
https://t.me/s/ConfigX2ray,true,active
https://t.me/v2ray_freex,true,active
https://t.me/s/v2rayngraisi,true,active
https://t.me/V2rayNG_SPDNet,true,active
https://t.me/lrnbymaa,true,active
https://t.me/Soul737,true,active
https://t.me/s/ehsawn8,true,active
https://t.me/ansooyefilter,true,active
https://t.me/taziyanteam,true,active
https://t.me/s/LonUp_M,true,active
https://t.me/MARAMBASHI,true,active
https://t.me/freenettir,true,active
https://t.me/v2ray_free_conf,true,active
https://t.me/s/vpnv2rayngv,true,active
https://t.me/v2box,true,active
https://t.me/s/qiuyue2,true,active
https://t.me/s/skivpn,true,active
https://t.me/NpvV2rayFilter,true,active
https://t.me/s/nofilter_v2rayng,true,active
https://t.me/on_proxy1,true,active
https://t.me/Vasl_b,true,active
https://t.me/GOLD_VPN_IR,true,active
https://t.me/s/selinc,true,active
https://t.me/B2vasl,true,active
https://t.me/RayNetTun,true,active
https://t.me/v2dogs_n,true,active
https://t.me/v2rayclover,true,active
https://t.me/s/proxy_kafee,true,active
https://t.me/s/daily_configs,true,active
https://t.me/PROXY_MTM,true,active
https://t.me/Fast_2ray,true,active
https://t.me/RK_VPS,true,active
https://t.me/AZARANV2RAY,true,active
https://t.me/daily_free_vpn,true,active
https://t.me/iicenet,true,active
https://t.me/Badangellll,true,active
https://t.me/mindism,true,active
https://t.me/FreakConfig,true,active
https://t.me/s/NetAccount,true,active
https://t.me/v2rayng_vpn403,true,active
https://t.me/s/freeland8,true,active
https://t.me/pmo_iron,true,active
https://t.me/s/mdvpnsec,true,active
https://t.me/Farazv2ray,true,active
https://t.me/s/Hope_Net,true,active
https://t.me/brilliantgift,true,active
https://t.me/FarazV2ray,true,active
https://t.me/s/v2rayngseven,true,active
https://t.me/ConfigV2RayNG,true,active
https://t.me/Filtershekan_channel,true,active
https://t.me/s/tunder_vpn,true,active
https://t.me/shh_proxy,true,active
https://t.me/BrilliantGift,true,active
https://t.me/V2ngFast,true,active
https://t.me/Vpn_Mafia,true,active
https://t.me/s/elfv2ray,true,active
https://t.me/erfanandroid,true,active
https://t.me/WallWeb,true,active
https://t.me/v2ray_unit,true,active
https://t.me/ghand_sheken,true,active
https://t.me/Internet_azad_2026,true,active
https://t.me/SRCVPN,true,active
https://t.me/JKVPN,true,active
https://t.me/ProxyMtAlpha,true,active
https://t.me/subgift,true,active
https://t.me/RouTel1,true,active
https://t.me/HalonetVPN,true,active
https://t.me/v2_team,true,active
https://t.me/Raiv2mmr,true,active
https://t.me/badangellll,true,active
https://t.me/EliV2ray,true,active
https://t.me/AR14N24b,true,active
https://t.me/s/nofiltering2,true,active
https://t.me/s/proxy_v2box,true,active
https://t.me/free1_vpn,true,active
https://t.me/v2ray313,true,active
https://t.me/s/v2rayNGcloud,true,active
https://t.me/filembad,true,active
https://t.me/outline_ir,true,active
https://t.me/s/SimChin_ir,true,active
https://t.me/Mcv2rayNG,true,active
https://t.me/gahanian_net,true,active
https://t.me/Proxy_sh,true,active
https://t.me/s/v2ry_proxy,true,active
https://t.me/ISVvpn,true,active
https://t.me/NoxTunnel,true,active
https://t.me/kurdconfig,true,active
https://t.me/Masir_Sefid,true,active
https://t.me/vpnv2rayngv,true,active
https://t.me/NUFiLTER,true,active
https://t.me/GH_v2rayng,true,active
https://t.me/nufilter,true,active
https://t.me/v2ra_config,true,active
https://t.me/s/ghachvpn,true,active
https://t.me/vpnaloo,true,active
https://t.me/s/moftinet,true,active
https://t.me/v2rayvpnchannel,true,active
https://t.me/vmess_ir,true,active
https://t.me/s/FreeVlessVpn,true,active
https://t.me/dy_gt,true,active
https://t.me/s/red2ray,true,active
https://t.me/s/v2rfa,true,active
https://t.me/NitruStore,true,active
https://t.me/s/npvv2rayfilter,true,active
https://t.me/s/expressvpn_420,true,active
https://t.me/Leecher56,true,active
https://t.me/X_Her0,true,active
https://t.me/SOSkeyNET,true,active
https://t.me/s/free_outline_keys,true,active
https://t.me/ELiV2Ray,true,active
https://t.me/tron2022free,true,active
https://t.me/s/configraygan,true,active
https://t.me/s/wxdy666,true,active
https://t.me/s/soranvpn,true,active
https://t.me/DeathBedText,true,active
https://t.me/s/v2rayconfigamir,true,active
https://t.me/shadowsockskeys,true,active
https://t.me/ange1Vpn,true,active
https://t.me/Va3lSho,true,active
https://t.me/s/NETMelliAnti,true,active
https://t.me/farazv2ray,true,active
https://t.me/freev2configs,true,active
https://t.me/Selinc,true,active
https://t.me/s/ConfigWireguard,true,active
https://t.me/masterserver1,true,active
https://t.me/s/farahvpn,true,active
https://t.me/NewsDarya,true,active
https://t.me/MaSTeRSeRVeR1,true,active
https://t.me/MGv2rayOfficial,true,active
https://t.me/vistav2ray,true,active
https://t.me/RoseCommunity,true,active
https://t.me/s/alfred_config,true,active
https://t.me/s/tehranargo,true,active
https://t.me/Napsternetvirani,true,active
https://t.me/v2ray_configs_pools,true,active
https://t.me/tik7net_vpn,true,active
https://t.me/networld_vpn,true,active
https://t.me/one_shop_official,true,active
https://t.me/V2ry_Proxy,true,active
https://t.me/ZEOS_VPN,true,active
https://t.me/AR14N24B,true,active
https://t.me/s/V2rayng_Fast,true,active
https://t.me/VlessConfig,true,active
https://t.me/vpnfail_v2ray,true,active
https://t.me/ProxyVpn11,true,active
https://t.me/bored_vpn,true,active
https://t.me/EarnMoney_arz,true,active
https://t.me/s/mtproto_dx,true,active
https://t.me/s/proxyporsoat,true,active
https://t.me/BigSmoke_Config,true,active
https://t.me/V2ray_confiig,true,active
https://t.me/Iran_v2RAY1,true,active
https://t.me/s/SafeNet_Server,true,active
https://t.me/v2ngnet,true,active
https://t.me/vpnnewz,true,active
https://t.me/vmessprotocol,true,active
https://t.me/namedzadim,true,active
https://t.me/sunflowerplato,true,active
https://t.me/anty_filter,true,active
https://t.me/Vmesskhodam,true,active
https://t.me/s/singbox1,true,active
https://t.me/Brilliantgift,true,active
https://t.me/volexproxy,true,active
https://t.me/v2rayngseven,true,active
https://t.me/FREECONFIGSPLUS,true,active
https://t.me/s/v2ray_youtube,true,active
https://t.me/soskeynet,true,active
https://t.me/v2ray_youtube,true,active
https://t.me/hex_proxy,true,active
https://t.me/NetAccount,true,active
https://t.me/s/vpn_ioss,true,active
https://t.me/sourcefreefilter,true,active
https://t.me/Magsin_Vpn,true,active
https://t.me/new_confing,true,active
https://t.me/v2ray1_ng,true,active
https://t.me/s/v2ray_shop_2,true,active
https://t.me/s/x_her0,true,active
https://t.me/s/summertimeus,true,active
https://t.me/Mi6vpn,true,active
https://t.me/V2NOT,true,active
https://t.me/V2ray_Alpha,true,active
https://t.me/s/G0Dv2ray,true,active
https://t.me/s/proxystore11,true,active
https://t.me/free_vpn02,true,active
https://t.me/s/vmess_ir,true,active
https://t.me/V2RAYng_vpn403,true,active
https://t.me/speedtunnel,true,active
https://t.me/s/bored_vpn,true,active
https://t.me/s/appsooner,true,active
https://t.me/HiByeVPNN,true,active
https://t.me/mi6vpn,true,active
https://t.me/persianvpnhub,true,active
https://t.me/freeland8,true,active
https://t.me/configV2rayNG,true,active
https://t.me/Network_442,true,active
https://t.me/Argo_VPN1,true,active
https://t.me/flyv2ray,true,active
https://t.me/Troll_Hastam,true,active
https://t.me/FreeConffning,true,active
https://t.me/V2rayTun0,true,active
https://t.me/Arvand_soul,true,active
https://t.me/V2Ray_hub1200,true,active
https://t.me/IRAN_v2ray1,true,active
https://t.me/DailyV2Proxy,true,active
https://t.me/s/sourcefreefilter,true,active
https://t.me/SoonTeam,true,active
https://t.me/NapsterNetvIrani,true,active
https://t.me/V2range,true,active
https://t.me/LumosConfig,true,active
https://t.me/s/lrnbymaa,true,active
https://t.me/Outline_ir,true,active
https://t.me/AblNet7,true,active
https://t.me/ProxyV2IR,true,active
https://t.me/s/v2ngfast,true,active
https://t.me/s/iP_CF,true,active
https://t.me/onnevpn,true,active
https://t.me/configraygan,true,active
https://t.me/s/argo_vpn1,true,active
https://t.me/s/serverii,true,active
https://t.me/YekeTarikh,true,active
https://t.me/hopev2ray,true,active
https://t.me/s/v2rayproxy,true,active
https://t.me/config_NG,true,active
https://t.me/Volexproxy,true,active
https://t.me/VPNine1,true,active
https://t.me/iranvasll,true,active
https://t.me/s/vpn_kanfik,true,active
https://t.me/vasl_vpn_raigan,true,active
https://t.me/s/vpnplus100,true,active
https://t.me/V2rayng_Fast,true,active
https://t.me/ProxyVPN11,true,active
https://t.me/V2aryng_vpn,true,active
https://t.me/s/GH_v2rayng,true,active
https://t.me/AzadMarz,true,active
https://t.me/BestProxyTel1,true,active
https://t.me/v2rayng_fast,true,active
https://t.me/iProxyChannel,true,active
https://t.me/Capoit,true,active
https://t.me/Tunder_vpn,true,active
https://t.me/v2nodes,true,active
https://t.me/bad_raqs,true,active
https://t.me/s/configshub2,true,active
https://t.me/Fear_Config,true,active
https://t.me/tootffarangi,true,active
https://t.me/techbod,true,active
https://t.me/DALTON_PING,true,active
https://t.me/proxy_kafee,true,active
https://t.me/dalton_ping,true,active
https://t.me/v2FreeHub,true,active
https://t.me/MrConfig_Channel,true,active
https://t.me/s/v2raych,true,active
https://t.me/VPsave,true,active
https://t.me/fastkanfig,true,active
https://t.me/s/free_vpn02,true,active
https://t.me/hi_proxy_iran,true,active
https://t.me/V2rayng_vpn403,true,active
https://t.me/s/v2rayroad,true,active
https://t.me/s/FreakConfig,true,active
https://t.me/AnsooyeFilter,true,active
https://t.me/directvpn,true,active
https://t.me/nitruStore,true,active
https://t.me/s/configfa,true,active
https://t.me/IRAn_V2ray1,true,active
https://t.me/s/configpluse,true,active
https://t.me/s/filtershekan_channel,true,active
https://t.me/w570w,true,active
https://t.me/NamiraConfigs,true,active
https://t.me/vpnserverrr,true,active
https://t.me/V2rayNG_Cafe,true,active
https://t.me/fast_2ray,true,active
https://t.me/TurboConfigs,true,active
https://t.me/Erfwp,true,active
https://t.me/VlessVpnFree,true,active
https://t.me/parsa_configvpn,true,active
https://t.me/configprxy,true,active
https://t.me/vpnbaz,true,active
https://t.me/musiclovers85,true,active
https://t.me/ConfigX2ray,true,active
https://t.me/s/V2ray_Alpha,true,active
https://t.me/Eag1e_YT,true,active
https://t.me/s/vpnserverrr,true,active
https://t.me/v2rayprotocol,true,active
https://t.me/s/v2ret,true,active
https://t.me/v2rayngcloud,true,active
https://t.me/s/vmesc,true,active
https://t.me/s/DirectVPN,true,active
https://t.me/s/chv2raynp,true,active
https://t.me/Vpn_jet7,true,active
https://t.me/dns68,true,active
https://t.me/AhmadV2ray,true,active
https://t.me/LonUp_M,true,active
https://t.me/MTMVPN,true,active
https://t.me/V2RayyNGvpn,true,active
https://t.me/vpng3,true,active
https://t.me/HajmVPN_Config,true,active
https://t.me/Config_NG,true,active
https://t.me/crgaming7,true,active
https://t.me/s/icv2ray,true,active
https://t.me/ir_IRANy,true,active
https://t.me/Spotify_Porteghali,true,active
https://t.me/FreeConfigForYou,true,active
https://t.me/Begoo_VPN,true,active
https://t.me/iguanaVPN,true,active
https://t.me/ParvazVPNN,true,active
https://t.me/NamedZadim,true,active
https://t.me/s/vpncostumer,true,active
https://t.me/v2raybazi,true,active
https://t.me/icv2ray,true,active
https://t.me/IRAN_V2RAY1,true,active
https://t.me/v2box_v2,true,active
https://t.me/lumosconfig,true,active
https://t.me/TEHRANARGO,true,active
https://t.me/s/argooo_vpn,true,active
https://t.me/s/satarvpn1,true,active
https://t.me/s/v2mystery,true,active
https://t.me/ExpressVPN_420,true,active
https://t.me/proxyvpn11,true,active
https://t.me/mtmvpn,true,active
https://t.me/Archive_Android,true,active
https://t.me/Shh_proxy,true,active
https://t.me/s/v2raying,true,active
https://t.me/Azaranv2ray,true,active
https://t.me/kia_net,true,active
https://t.me/V2ray_confing33,true,active
https://t.me/Daily_Configs,true,active
https://t.me/Studio_Sjd,true,active
https://t.me/ELiV2ray,true,active
https://t.me/v2raySup0,true,active
https://t.me/Hope_Net,true,active
https://t.me/s/oneclickvpnkeys,true,active
https://t.me/v2rayyngvpn,true,active
https://t.me/V2raybaaz,true,active
